<?xml version="1.0" encoding="UTF-8"?>
<Hotels>
   <Hotel Stars="*">
      <Name>Russel Erskine Apartments</Name>
      <Contact>
         <Phone>(256) 539-5668</Phone>
         <Email>photo@whnt.com</Email>
      </Contact>
      <Address BusLines="Route 5">
         <Number>115</Number>
         <Street>Clinton Ave W, Huntsville, AL</Street>
         <City>Huntsville, Alabama</City>
         <Zip>35801</Zip>
      </Address>
   </Hotel>


   <Hotel Stars="****">
      <Name>The Battle House Hotel</Name>
      <Contact>
         <Phone>(251) 338-2000</Phone>
         <Email>mobile@hotels.com</Email>
      </Contact>
      <Address>
         <Number>26</Number>
         <Street>N Royal St, Mobile</Street>
         <City>Alabama</City>
         <Zip>36602</Zip>
      </Address>
   </Hotel>

   <Hotel Stars="***">
      <Name>Alaskan Hotel and Bar</Name>
      <Contact>
         <Phone>(907) 586-1000</Phone>
         <Email>alaskanhotel@hotmail.com</Email>
      </Contact>
      <Address>
         <Number>167</Number>
         <Street>S Franklin St, Juneau</Street>
         <City>Alaska</City>
         <Zip>99801</Zip>
      </Address>
   </Hotel>

   <Hotel Stars="****">
      <Name>Arizona Biltmore Hotel</Name>
      <Contact>
         <Phone>0161 904 8686</Phone>
         <Email></Email>
      </Contact>
      <Address>
         <Number>24</Number>
         <Street>24th St Arizona Biltmore</Street>
         <City>Arizona</City>
         <Zip>85016</Zip>
      </Address>
   </Hotel>

   <Hotel Stars="****">
      <Name>Ahwahnee Hotel</Name>
      <Contact>
         <Phone>(801) 559-4884</Phone>
         <Email></Email>
      </Contact>
      <Address>
         <Number>1</Number>
         <Street>Ahwahnee Dr, Yosemite National Park</Street>
         <City>California</City>
         <Zip>95389</Zip>
      </Address>
   </Hotel>

   <Hotel Stars="****">
      <Name>Big Bear Frontier</Name>
      <Contact>
         <Phone>(909) 866-5888</Phone>
         <Email>alex.langsam@britanniahotels.com</Email>
      </Contact>
      <Address>
         <Number>40472</Number>
         <Street>Big Bear Blvd, Big Bear Lake</Street>
         <City>California</City>
         <Zip>92315</Zip>
      </Address>
   </Hotel>

   <Hotel Stars="***">
      <Name>Hilton Anaheim</Name>
      <Contact>
         <Phone>(714) 750-4321</Phone>
         <Email>SNAAH_DS@hilton.com</Email>
      </Contact>
      <Address>
         <Number>777</Number>
         <Street>W Convention Way, Anaheim</Street>
         <City>California</City>
         <Zip>92802</Zip>
      </Address>
   </Hotel>

   <Hotel Stars="*****">
      <Name>Fairmont San Francisco</Name>
      <Contact>
         <Phone>(415) 772-5000</Phone>
         <Email>alex.langsam@britanniahotels.com</Email>
      </Contact>
      <Address>
         <Number>950</Number>
         <Street>Mason St, San Francisco</Street>
         <City>California</City>
         <Zip>94108</Zip>
      </Address>
   </Hotel>

   <Hotel Stars="****">
      <Name>Hotel Boulderado</Name>
      <Contact>
         <Phone>(303) 442-4344</Phone>
         <Email>lbrewer@boulderado.com</Email>
      </Contact>
      <Address>
         <Number>2115</Number>
         <Street>13th St, Boulder</Street>
         <City>Colorado</City>
         <Zip>80302</Zip>
      </Address>
   </Hotel>

   <Hotel Stars="****">
      <Name>Brown Palace Hotel</Name>
      <Contact>
         <Phone>(303) 297-3111</Phone>
         <Email></Email>
      </Contact>
      <Address>
         <Number>01343600</Number>
         <Street>321 17th St, Denver, CO </Street>
         <City>Colorado</City>
         <Zip>80202</Zip>
      </Address>
   </Hotel>
</Hotels>